{
    "name": "ADE7753",
    "repository": {
        "url": "https://github.com/fngstudios/ADE7753.git",
        "type": "git"
    },
    "platforms": [
        "*"
    ],
    "frameworks": [
        "arduino"
    ],
    "version": "0.4", 
    "authors": [
        {
            "maintainer": false,
            "name": "fngStudios",
            "url": "https://github.com/fngstudios",
            "email": null
        }
    ],
    "keywords": [
        "Energy",
        "mewSystem"
    ],
    "description": "ADE7753 interface library. Work in progress, esp8266 compatible, interrupts coming",
	"examples": "examples/*/*.ino"
}
